work_unit_id,start_row,end_row,num_utterances,annotated?
WU-001,1,50,50,T
WU-002,51,100,50,T
WU-003,101,150,50,T
WU-004,151,200,50,
WU-005,201,250,50,
WU-006,251,300,50,
WU-007,301,350,50,
WU-008,351,400,50,
WU-009,401,450,50,
WU-010,451,500,50,
WU-011,501,550,50,
WU-012,551,600,50,
WU-013,601,650,50,
WU-014,651,700,50,
WU-015,701,750,50,
WU-016,751,800,50,
WU-017,801,850,50,
WU-018,851,900,50,
WU-019,901,950,50,
WU-020,951,1000,50,
WU-021,1001,1050,50,
WU-022,1051,1100,50,
WU-023,1101,1150,50,
WU-024,1151,1200,50,
WU-025,1201,1250,50,
WU-026,1251,1300,50,
WU-027,1301,1350,50,
WU-028,1351,1400,50,
WU-029,1401,1450,50,
WU-030,1451,1500,50,
WU-031,1501,1550,50,
WU-032,1551,1600,50,
WU-033,1601,1650,50,
WU-034,1651,1700,50,
WU-035,1701,1750,50,
WU-036,1751,1800,50,
WU-037,1801,1850,50,
WU-038,1851,1900,50,
WU-039,1901,1950,50,
WU-040,1951,2000,50,
WU-041,2001,2050,50,
WU-042,2051,2100,50,
WU-043,2101,2150,50,
WU-044,2151,2200,50,
WU-045,2201,2250,50,
WU-046,2251,2300,50,
WU-047,2301,2350,50,
WU-048,2351,2400,50,
WU-049,2401,2450,50,
WU-050,2451,2500,50,
WU-051,2501,2550,50,
WU-052,2551,2600,50,
WU-053,2601,2650,50,
WU-054,2651,2700,50,
WU-055,2701,2750,50,
WU-056,2751,2800,50,
WU-057,2801,2850,50,
WU-058,2851,2900,50,
WU-059,2901,2950,50,
WU-060,2951,3000,50,
WU-061,3001,3050,50,
WU-062,3051,3100,50,
WU-063,3101,3150,50,
WU-064,3151,3200,50,
WU-065,3201,3250,50,
WU-066,3251,3292,42,